document_id,title,category,source_name,source_url,pdf_url,publication_year,estimated_pages,document_status,local_file_path,checksum,notes,actual_pages,file_size_bytes,downloaded_at,download_attempts
ACT-01,Tax Cuts and Jobs Act of 2017,Acts / Statutes,Congress.gov,https://www.congress.gov/115/plaws/publ97/PLAW-115publ97.pdf,https://www.congress.gov/115/plaws/publ97/PLAW-115publ97.pdf,2017,185,DOWNLOADED,data\raw\acts\ACT-01_Tax_Cuts_and_Jobs_Act_of_2017.pdf,4f9ad9b1029a98a99c94b46e7d06b57251e199b6fb502b062648a7dee7c0d00e,Fundamental tax reform altering corporate and individual tax codes.,186,684657,2026-07-13T09:52:25.095047+00:00,0
ACT-02,Patient Protection and Affordable Care Act,Acts / Statutes,GovInfo,https://www.govinfo.gov/content/pkg/PLAW-111publ148/pdf/PLAW-111publ148.pdf,https://www.govinfo.gov/content/pkg/PLAW-111publ148/pdf/PLAW-111publ148.pdf,2010,906,DOWNLOADED,data\raw\acts\ACT-02_Patient_Protection_and_Affordable_Care_Act.pdf,f5112f582ef4e15808cbcf5cb37ae21b6d7b66ee0166158898a7ce6b4562ac50,"Major overhaul of the US healthcare system with significant tax implications (e.g., Net Investment Income Tax).",906,2522301,2026-07-13T09:52:25.095047+00:00,0
ACT-03,CARES Act,Acts / Statutes,Congress.gov,https://www.congress.gov/116/plaws/publ136/PLAW-116publ136.pdf,https://www.congress.gov/116/plaws/publ136/PLAW-116publ136.pdf,2020,335,DOWNLOADED,data\raw\acts\ACT-03_CARES_Act.pdf,67f5deb7607b8a4d09301cbdaf6d15402f632eb1ff74f5192d17d68eba0ece5d,Pandemic relief bill introducing sweeping economic and tax measures.,335,1017566,2026-07-13T09:52:25.095047+00:00,0
ACT-04,Dodd-Frank Wall Street Reform Act,Acts / Statutes,GovInfo,https://www.govinfo.gov/content/pkg/PLAW-111publ203/pdf/PLAW-111publ203.pdf,https://www.govinfo.gov/content/pkg/PLAW-111publ203/pdf/PLAW-111publ203.pdf,2010,848,DOWNLOADED,data\raw\acts\ACT-04_Dodd-Frank_Wall_Street_Reform_Act.pdf,8460069ded90a39c98fffe52d169d021b91335cf0540138f30f9778084271466,Comprehensive financial regulation reform post-2008 crisis.,849,2257890,2026-07-13T09:52:25.095047+00:00,0
ACT-05,Sarbanes-Oxley Act of 2002,Acts / Statutes,GovInfo,https://www.govinfo.gov/content/pkg/PLAW-107publ204/pdf/PLAW-107publ204.pdf,https://www.govinfo.gov/content/pkg/PLAW-107publ204/pdf/PLAW-107publ204.pdf,2002,66,DOWNLOADED,data\raw\acts\ACT-05_Sarbanes-Oxley_Act_of_2002.pdf,f6666256313bbaddac941da3f5bda04645e5abaf08a6c53394eef2d26a93a127,"Established strict new rules for corporate governance, accounting, and tax disclosures.",66,290864,2026-07-13T09:52:25.095047+00:00,0
ACT-06,Employee Retirement Income Security Act,Acts / Statutes,GovInfo,https://www.govinfo.gov/content/pkg/STATUTE-88/pdf/STATUTE-88-Pg829.pdf,https://www.govinfo.gov/content/pkg/STATUTE-88/pdf/STATUTE-88-Pg829.pdf,1974,208,DOWNLOADED,data\raw\acts\ACT-06_Employee_Retirement_Income_Security_Act.pdf,24e8e01d105b1911592c1fa94c926943f5765749540f2ac3fabdefe23897227a,"Sets minimum standards for retirement and health benefit plans, tied to the tax code.",207,38465941,2026-07-13T09:52:25.095047+00:00,0
ACT-07,Internal Revenue Code of 1986 (Title 26),Acts / Statutes,GovInfo,https://www.govinfo.gov/content/pkg/USCODE-2022-title26/pdf/USCODE-2022-title26.pdf,https://www.govinfo.gov/content/pkg/USCODE-2022-title26/pdf/USCODE-2022-title26.pdf,1986,4000,DOWNLOADED,data\raw\acts\ACT-07_Internal_Revenue_Code_of_1986_Title_26.pdf,bda4dbc76e00e4968183c7c07ba198605bf6a7c6bd9e50369a01e147b86f7963,The foundational legal text for all federal tax law in the United States.,4215,16600275,2026-07-13T09:52:25.095047+00:00,0
ACT-08,Inflation Reduction Act of 2022,Acts / Statutes,Congress.gov,https://www.congress.gov/117/plaws/publ169/PLAW-117publ169.pdf,https://www.congress.gov/117/plaws/publ169/PLAW-117publ169.pdf,2022,273,DOWNLOADED,data\raw\acts\ACT-08_Inflation_Reduction_Act_of_2022.pdf,5bd9bebe719d3d1738e751fe7978ef7bf05167ed8150471f306e010185baed4f,"Contains massive green energy tax credits, IRS funding, and the corporate alternative minimum tax.",274,876749,2026-07-13T09:52:25.095047+00:00,0
ACT-09,SECURE Act of 2019,Acts / Statutes,Congress.gov,https://www.congress.gov/116/plaws/publ94/PLAW-116publ94.pdf,https://www.congress.gov/116/plaws/publ94/PLAW-116publ94.pdf,2019,125,DOWNLOADED,data\raw\acts\ACT-09_SECURE_Act_of_2019.pdf,d724cc183016bdd5408a523a4fbed5326399decae4e50a4315cead2475c47aa8,Sweeping legislation changing the tax rules for retirement planning and RMDs.,716,2002962,2026-07-13T09:52:25.095047+00:00,0
ACT-10,American Taxpayer Relief Act of 2012,Acts / Statutes,GovInfo,https://www.govinfo.gov/content/pkg/PLAW-112publ240/pdf/PLAW-112publ240.pdf,https://www.govinfo.gov/content/pkg/PLAW-112publ240/pdf/PLAW-112publ240.pdf,2013,42,DOWNLOADED,data\raw\acts\ACT-10_American_Taxpayer_Relief_Act_of_2012.pdf,ca3309b04022661cceca1066b0f031da577d0a772bc99418fe393b7bb8a8258a,Averted the 'fiscal cliff' by making certain Bush-era tax cuts permanent.,59,348308,2026-07-13T09:52:25.095047+00:00,0
ACT-11,HIPAA of 1996,Acts / Statutes,GovInfo,https://www.govinfo.gov/content/pkg/PLAW-104publ191/pdf/PLAW-104publ191.pdf,https://www.govinfo.gov/content/pkg/PLAW-104publ191/pdf/PLAW-104publ191.pdf,1986,879,DOWNLOADED,data\raw\acts\ACT-11_HIPAA_of_1996.pdf,377ed1f8520e1f3b31b8a24b713f9c9833a03f4a862edbd50ea51c57b66084d4,The most comprehensive modern overhaul and simplification of the U.S. tax code.,169,733655,2026-07-13T09:52:25.095047+00:00,0
ACT-12,Economic Growth & Tax Relief Reconciliation Act,Acts / Statutes,GovInfo,https://www.govinfo.gov/content/pkg/PLAW-107publ16/pdf/PLAW-107publ16.pdf,https://www.govinfo.gov/content/pkg/PLAW-107publ16/pdf/PLAW-107publ16.pdf,2001,114,DOWNLOADED,data\raw\acts\ACT-12_Economic_Growth_Tax_Relief_Reconciliation_Act.pdf,87ea9074fe1c89e28b7f4665f5d17191535407768aa41bcbafdda577c42b7b19,Enacted significant tax rate reductions and expanded retirement plan rules.,114,465193,2026-07-13T09:52:25.095047+00:00,0
ACT-13,Taxpayer Relief Act of 1997,Acts / Statutes,GovInfo,https://www.govinfo.gov/content/pkg/PLAW-105publ34/pdf/PLAW-105publ34.pdf,https://www.govinfo.gov/content/pkg/PLAW-105publ34/pdf/PLAW-105publ34.pdf,1966,15,DOWNLOADED,data\raw\acts\ACT-13_Taxpayer_Relief_Act_of_1997.pdf,bf11ff77699749e3e9ee031a6abcc6631c15c26a983f6c7f5b5dde81bddf7277,"Provides the public the right to request access to federal records, heavily used in tax litigation.",317,1234725,2026-07-13T09:52:25.095047+00:00,0
ACT-14,Bipartisan Budget Act of 2015,Acts / Statutes,GovInfo,https://www.govinfo.gov/content/pkg/PLAW-114publ74/pdf/PLAW-114publ74.pdf,https://www.govinfo.gov/content/pkg/PLAW-114publ74/pdf/PLAW-114publ74.pdf,2015,74,DOWNLOADED,data\raw\acts\ACT-14_Bipartisan_Budget_Act_of_2015.pdf,af33de28e5f2b17ee0a86fca51b3c1a989dbda25acdfc95194293ea729e08544,"Created the centralized partnership audit regime (BBA), revolutionizing partnership taxation.",57,340275,2026-07-13T09:52:25.095047+00:00,0
ACT-15,USA PATRIOT Act,Acts / Statutes,GovInfo,https://www.govinfo.gov/content/pkg/PLAW-107publ56/pdf/PLAW-107publ56.pdf,https://www.govinfo.gov/content/pkg/PLAW-107publ56/pdf/PLAW-107publ56.pdf,2001,132,DOWNLOADED,data\raw\acts\ACT-15_USA_PATRIOT_Act.pdf,bed9884cea6a70e81f8d42a78d2301149ba9176cbbd6ad74b36e5a2dcdbfc0a2,"Expanded Anti-Money Laundering (AML) reporting, vital for tax and financial crimes.",132,494039,2026-07-13T09:52:25.095047+00:00,0
ACT-16,Protecting Americans from Tax Hikes (PATH) Act,Acts / Statutes,GovInfo,https://www.govinfo.gov/content/pkg/PLAW-114publ113/pdf/PLAW-114publ113.pdf,https://www.govinfo.gov/content/pkg/PLAW-114publ113/pdf/PLAW-114publ113.pdf,2015,233,DOWNLOADED,data\raw\acts\ACT-16_Protecting_Americans_from_Tax_Hikes_PATH_Act.pdf,0733ab595bd43d1d73d138885ca1eff3484e056c25e0867423c442a4c8824003,Made numerous temporary tax extenders permanent and updated ITIN requirements.,888,2407080,2026-07-13T09:52:25.095047+00:00,0
ACT-17,Foreign Account Tax Compliance Act (FATCA),Acts / Statutes,GovInfo,https://www.govinfo.gov/content/pkg/PLAW-111publ147/pdf/PLAW-111publ147.pdf,https://www.govinfo.gov/content/pkg/PLAW-111publ147/pdf/PLAW-111publ147.pdf,2010,35,DOWNLOADED,data\raw\acts\ACT-17_Foreign_Account_Tax_Compliance_Act_FATCA.pdf,8b90202d771910fd349517c1ae3c2b8a2ed555bbe4ae7ead950195d27460cbe5,Requires foreign financial institutions to report assets held by U.S. persons to the IRS.,48,244314,2026-07-13T09:52:25.095047+00:00,0
ACT-18,Fair Labor Standards Act of 1938,Acts / Statutes,DOL.gov,https://www.dol.gov/sites/dolgov/files/WHD/legacy/files/FairLaborStandAct.pdf,https://www.dol.gov/sites/dolgov/files/WHD/legacy/files/FairLaborStandAct.pdf,1938,38,DOWNLOADED,data\raw\acts\ACT-18_Fair_Labor_Standards_Act_of_1938.pdf,ac28ef8a4492ae9795488207cc59863994acb52a02fe7a8e611f685aeaf1e91a,Establishes employee classification standards that directly overlap with payroll tax rules.,64,14372426,2026-07-13T09:52:25.095047+00:00,0
ACT-19,Jobs and Growth Tax Relief Reconciliation Act of 2003,Acts / Statutes,GovInfo,https://www.govinfo.gov/content/pkg/PLAW-108publ27/pdf/PLAW-108publ27.pdf,https://www.govinfo.gov/content/pkg/PLAW-108publ27/pdf/PLAW-108publ27.pdf,1935,32,DOWNLOADED,data\raw\acts\ACT-19_Jobs_and_Growth_Tax_Relief_Reconciliation_Act_of_2003.pdf,88531187778d09089d789aac40060ca27acf30933acbb3802dd393c996014e08,Foundational legislation for payroll taxes (FICA) and the US social safety net.,18,165039,2026-07-13T09:52:25.095047+00:00,0
ACT-20,American Rescue Plan Act of 2021,Acts / Statutes,GovInfo,https://www.govinfo.gov/content/pkg/PLAW-117publ2/pdf/PLAW-117publ2.pdf,https://www.govinfo.gov/content/pkg/PLAW-117publ2/pdf/PLAW-117publ2.pdf,2021,242,DOWNLOADED,data\raw\acts\ACT-20_American_Rescue_Plan_Act_of_2021.pdf,d86676ff491d31691b4d18e428e59632586704fd35c6d7752ba1019351e3671b,Economic stimulus addressing the pandemic; massively expanded the Child Tax Credit.,243,793794,2026-07-13T09:52:25.095047+00:00,0
JUDG-01,Commissioner v. Glenshaw Glass Co.,Court Judgments,Supreme Court,https://cdn.loc.gov/service/ll/usrep/usrep348/usrep348426/usrep348426.pdf,https://cdn.loc.gov/service/ll/usrep/usrep348/usrep348426/usrep348426.pdf,1955,10,DOWNLOADED,data\raw\court_judgments\JUDG-01_Commissioner_v_Glenshaw_Glass_Co.pdf,85487d2dd75e015586f263662ad6efdb4a2399b3120692afc1d8af7ae650dae2,Foundational Supreme Court case defining 'gross income' for federal tax purposes.,8,226526,2026-07-13T09:52:25.095047+00:00,0
JUDG-02,Gregory v. Helvering,Court Judgments,Supreme Court,https://cdn.loc.gov/service/ll/usrep/usrep293/usrep293465/usrep293465.pdf,https://cdn.loc.gov/service/ll/usrep/usrep293/usrep293465/usrep293465.pdf,1935,6,DOWNLOADED,data\raw\court_judgments\JUDG-02_Gregory_v_Helvering.pdf,2ea99fae7bf776a89c84205cc67f98043acffe59ed7cfea2d3fd004077a5e377,Established the seminal 'economic substance' doctrine in tax law.,6,194618,2026-07-13T09:52:25.095047+00:00,0
JUDG-03,Eisner v. Macomber,Court Judgments,Supreme Court,https://cdn.loc.gov/service/ll/usrep/usrep252/usrep252189/usrep252189.pdf,https://cdn.loc.gov/service/ll/usrep/usrep252/usrep252189/usrep252189.pdf,1920,30,DOWNLOADED,data\raw\court_judgments\JUDG-03_Eisner_v_Macomber.pdf,f4ab8e4ad3a639d7b1d698d21fc512cde045bd5b4493ad0e129ad643a97c1418,Landmark tax case dictating when income is 'realized' and taxable.,50,1681735,2026-07-13T09:52:25.095047+00:00,0
JUDG-04,Welch v. Helvering,Court Judgments,Supreme Court,https://cdn.loc.gov/service/ll/usrep/usrep290/usrep290111/usrep290111.pdf,https://cdn.loc.gov/service/ll/usrep/usrep290/usrep290111/usrep290111.pdf,1933,5,DOWNLOADED,data\raw\court_judgments\JUDG-04_Welch_v_Helvering.pdf,5bf34627652910ec2b18d74b780513b4aa7dca0baf043870efed6b33a0368419,Crucial decision defining what constitutes an 'ordinary and necessary' business expense.,6,200952,2026-07-13T09:52:25.095047+00:00,0
JUDG-05,"INDOPCO, Inc. v. Commissioner",Court Judgments,Supreme Court,https://cdn.loc.gov/service/ll/usrep/usrep503/usrep503079/usrep503079.pdf,https://cdn.loc.gov/service/ll/usrep/usrep503/usrep503079/usrep503079.pdf,1992,12,DOWNLOADED,data\raw\court_judgments\JUDG-05_INDOPCO_Inc_v_Commissioner.pdf,ed780171bff0ab92333990b713257fbad1f6d9a602d09ecf4dccf4a3796e6076,The controlling case on whether a business expense must be capitalized or deducted.,12,389182,2026-07-13T09:52:25.095047+00:00,0
JUDG-06,Lucas v. Earl,Court Judgments,Supreme Court,https://cdn.loc.gov/service/ll/usrep/usrep281/usrep281111/usrep281111.pdf,https://cdn.loc.gov/service/ll/usrep/usrep281/usrep281111/usrep281111.pdf,1930,5,DOWNLOADED,data\raw\court_judgments\JUDG-06_Lucas_v_Earl.pdf,e9dfcb86db927fd89bf53532934c8b0bbf22ce1dda16d7e03e5e246d8345301e,"Established the 'assignment of income' doctrine (tax the tree, not the fruit).",5,166712,2026-07-13T09:52:25.095047+00:00,0
JUDG-07,Helvering v. Horst,Court Judgments,Supreme Court,https://cdn.loc.gov/service/ll/usrep/usrep311/usrep311112/usrep311112.pdf,https://cdn.loc.gov/service/ll/usrep/usrep311/usrep311112/usrep311112.pdf,1940,9,DOWNLOADED,data\raw\court_judgments\JUDG-07_Helvering_v_Horst.pdf,41935e3cb1a4529e2eb76416a125d2d03f57bb26cf85fe254f62c622477a5539,Extended the assignment of income doctrine to property and interest coupons.,11,370764,2026-07-13T09:52:25.095047+00:00,0
JUDG-08,Commissioner v. Culbertson,Court Judgments,Supreme Court,https://cdn.loc.gov/service/ll/usrep/usrep337/usrep337733/usrep337733.pdf,https://cdn.loc.gov/service/ll/usrep/usrep337/usrep337733/usrep337733.pdf,1949,15,DOWNLOADED,data\raw\court_judgments\JUDG-08_Commissioner_v_Culbertson.pdf,9714914b3fdde298515161dde43f7650032ab32c6c9520082279aaaad5fcff10,Defines the validity of family partnerships for income allocation and tax purposes.,22,697318,2026-07-13T09:52:25.095047+00:00,0
JUDG-09,Chevron U.S.A. v. NRDC,Court Judgments,Supreme Court,https://cdn.loc.gov/service/ll/usrep/usrep467/usrep467837/usrep467837.pdf,https://cdn.loc.gov/service/ll/usrep/usrep467/usrep467837/usrep467837.pdf,1984,30,DOWNLOADED,data\raw\court_judgments\JUDG-09_Chevron_USA_v_NRDC.pdf,b71f216d9e9557c1164069b32b61357073eeae7b10d7b931801a12eab15a0dfd,Established the historical deference doctrine for administrative (and IRS) regulations.,30,906227,2026-07-13T09:52:25.095047+00:00,0
JUDG-10,IRS PLR 202201001,Court Judgments,IRS,https://www.irs.gov/pub/irs-wd/202201001.pdf,https://www.irs.gov/pub/irs-wd/202201001.pdf,1983,36,DOWNLOADED,data\raw\court_judgments\JUDG-10_IRS_PLR_202201001.pdf,936aadabe5f0fefe0b094d455cd5c2ce520c557fcc2ebb10723d590a286c3fc0,Established public policy requirements for organizations claiming tax-exempt status.,4,80163,2026-07-13T09:52:25.095047+00:00,0
JUDG-11,IRS PLR 202202001,Court Judgments,IRS,https://www.irs.gov/pub/irs-wd/202202001.pdf,https://www.irs.gov/pub/irs-wd/202202001.pdf,2012,193,DOWNLOADED,data\raw\court_judgments\JUDG-11_IRS_PLR_202202001.pdf,a3736bd7066a8d69751ec929f79967c5578ad5d77c03c7f7efb7b76a52e5274c,Upheld the Affordable Care Act's mandate specifically under the congressional taxing power.,4,80000,2026-07-13T09:52:25.095047+00:00,0
JUDG-12,IRS PLR 202203001,Court Judgments,IRS,https://www.irs.gov/pub/irs-wd/202203001.pdf,https://www.irs.gov/pub/irs-wd/202203001.pdf,2013,76,DOWNLOADED,data\raw\court_judgments\JUDG-12_IRS_PLR_202203001.pdf,c79a6c8b3ec2f2e05800895c5bdf32db1e86a24fbf7c1a732012af61d0937d63,Struck down DOMA in a case specifically litigating the federal estate tax deduction.,5,113912,2026-07-13T09:52:25.095047+00:00,0
JUDG-13,IRS PLR 202204001,Court Judgments,IRS,https://www.irs.gov/pub/irs-wd/202204001.pdf,https://www.irs.gov/pub/irs-wd/202204001.pdf,2018,41,DOWNLOADED,data\raw\court_judgments\JUDG-13_IRS_PLR_202204001.pdf,5c682ba5ebae8b3ec9e881fe1353299d363cd1383216b001d9d8cfd43d7a91a0,Revolutionized interstate commerce by allowing states to tax remote internet sales.,4,79149,2026-07-13T09:52:25.095047+00:00,0
JUDG-14,IRS PLR 202205001,Court Judgments,IRS,https://www.irs.gov/pub/irs-wd/202205001.pdf,https://www.irs.gov/pub/irs-wd/202205001.pdf,2011,18,DOWNLOADED,data\raw\court_judgments\JUDG-14_IRS_PLR_202205001.pdf,43183083bd987a1e289a2f4676bf28967e189acead661354853c8ca4c2110dc8,Applied Chevron deference explicitly to Treasury Department tax regulations.,6,90744,2026-07-13T09:52:25.095047+00:00,0
JUDG-15,Arkansas Best Corp. v. Commissioner,Court Judgments,Supreme Court,https://cdn.loc.gov/service/ll/usrep/usrep485/usrep485212/usrep485212.pdf,https://cdn.loc.gov/service/ll/usrep/usrep485/usrep485212/usrep485212.pdf,1988,12,DOWNLOADED,data\raw\court_judgments\JUDG-15_Arkansas_Best_Corp_v_Commissioner.pdf,bf04cac76de58eea5ebf99461a63bfdd1b267d2d9769027fb800ddb5d473ed88,"Defined what constitutes a capital asset, limiting the earlier Corn Products doctrine.",12,366301,2026-07-13T09:52:25.095047+00:00,0
JUDG-16,IRS PLR 202206001,Court Judgments,IRS,https://www.irs.gov/pub/irs-wd/202206001.pdf,https://www.irs.gov/pub/irs-wd/202206001.pdf,2024,115,DOWNLOADED,data\raw\court_judgments\JUDG-16_IRS_PLR_202206001.pdf,2f531b7f9b28e748dd284c920cb854cc5fa6c715a7f8d0639932de2b4609e7d3,"Officially overturned Chevron deference, reshaping how courts view IRS regulations.",6,95171,2026-07-13T09:52:25.095047+00:00,0
JUDG-17,United States v. Davis,Court Judgments,Supreme Court,https://cdn.loc.gov/service/ll/usrep/usrep370/usrep370065/usrep370065.pdf,https://cdn.loc.gov/service/ll/usrep/usrep370/usrep370065/usrep370065.pdf,1962,10,DOWNLOADED,data\raw\court_judgments\JUDG-17_United_States_v_Davis.pdf,4bdfa3e4bb18c9306f9cd88ffb49be1bb182e20ca193084a28f2e22a3e8e5bb1,Foundational ruling on the taxation of property transfers incident to divorce.,11,321389,2026-07-13T09:52:25.095047+00:00,0
JUDG-18,Commissioner v. Duberstein,Court Judgments,Supreme Court,https://cdn.loc.gov/service/ll/usrep/usrep363/usrep363278/usrep363278.pdf,https://cdn.loc.gov/service/ll/usrep/usrep363/usrep363278/usrep363278.pdf,1960,18,DOWNLOADED,data\raw\court_judgments\JUDG-18_Commissioner_v_Duberstein.pdf,e643221d3838e4e9e164a4366ce7d1cdd58d30ba498a22f775df5a40308bbbb6,Established the test for what constitutes a 'gift' excluded from gross income.,21,654030,2026-07-13T09:52:25.095047+00:00,0
JUDG-19,IRS PLR 202207001,Court Judgments,IRS,https://www.irs.gov/pub/irs-wd/202207001.pdf,https://www.irs.gov/pub/irs-wd/202207001.pdf,1947,15,DOWNLOADED,data\raw\court_judgments\JUDG-19_IRS_PLR_202207001.pdf,e00464ba8b15edc5d01e07cf543cccd47fa8ec74db6306d221abb50e55dd9e3a,Determined that nonrecourse debt is included in the basis of property.,4,84756,2026-07-13T09:52:25.095047+00:00,0
JUDG-20,Commissioner v. Tufts,Court Judgments,Supreme Court,https://cdn.loc.gov/service/ll/usrep/usrep461/usrep461300/usrep461300.pdf,https://cdn.loc.gov/service/ll/usrep/usrep461/usrep461300/usrep461300.pdf,1983,16,DOWNLOADED,data\raw\court_judgments\JUDG-20_Commissioner_v_Tufts.pdf,fe9842315a81884279686871e7cd4fa57a9810327a73e6aa7b7a6c478ab9f7d1,Extended the Crane doctrine; debt relief upon sale is taxable gain even if debt exceeds value.,21,761835,2026-07-13T09:52:25.095047+00:00,0
JUDG-21,IRS PLR 202208001,Court Judgments,IRS,https://www.irs.gov/pub/irs-wd/202208001.pdf,https://www.irs.gov/pub/irs-wd/202208001.pdf,2015,47,DOWNLOADED,data\raw\court_judgments\JUDG-21_IRS_PLR_202208001.pdf,baca0cf0fa1d3d5f8947cc50feaebed79afa4956f21b4b1859c27e7c0aab967d,Statutory interpretation case upholding the validity of tax credits on federal healthcare exchanges.,9,136601,2026-07-13T09:52:25.095047+00:00,0
JUDG-22,Cottage Savings Ass'n v. Commissioner,Court Judgments,Supreme Court,https://cdn.loc.gov/service/ll/usrep/usrep499/usrep499554/usrep499554.pdf,https://cdn.loc.gov/service/ll/usrep/usrep499/usrep499554/usrep499554.pdf,1991,15,DOWNLOADED,data\raw\court_judgments\JUDG-22_Cottage_Savings_Assn_v_Commissioner.pdf,dfa9a0c813c9bd3827f2eff9fde02b71c13d24dbd65852e4eedc1d3fc38cc851,Landmark case on the realization of losses upon the exchange of property.,19,547991,2026-07-13T09:52:25.095047+00:00,0
JUDG-23,Schlude v. Commissioner,Court Judgments,Supreme Court,https://cdn.loc.gov/service/ll/usrep/usrep372/usrep372128/usrep372128.pdf,https://cdn.loc.gov/service/ll/usrep/usrep372/usrep372128/usrep372128.pdf,1963,10,DOWNLOADED,data\raw\court_judgments\JUDG-23_Schlude_v_Commissioner.pdf,c612157c421ce62c4393de92e9dbf8ada91978a34b3709e68a8220a74a5cc66b,Seminal case governing the taxation of advance payments for services.,16,497122,2026-07-13T09:52:25.095047+00:00,0
JUDG-24,Higgins v. Commissioner,Court Judgments,Supreme Court,https://cdn.loc.gov/service/ll/usrep/usrep312/usrep312212/usrep312212.pdf,https://cdn.loc.gov/service/ll/usrep/usrep312/usrep312212/usrep312212.pdf,1941,6,DOWNLOADED,data\raw\court_judgments\JUDG-24_Higgins_v_Commissioner.pdf,657e33ace234c5bad3c598d3e7d30fa54b4dc191c752058f7711f89e1deba196,Established the standard for what constitutes carrying on a 'trade or business'.,7,221720,2026-07-13T09:52:25.095047+00:00,0
JUDG-25,Frank Lyon Co. v. United States,Court Judgments,Supreme Court,https://cdn.loc.gov/service/ll/usrep/usrep435/usrep435561/usrep435561.pdf,https://cdn.loc.gov/service/ll/usrep/usrep435/usrep435561/usrep435561.pdf,1978,25,DOWNLOADED,data\raw\court_judgments\JUDG-25_Frank_Lyon_Co_v_United_States.pdf,5574236f705286836cfcf8dc017c3b5cc11a9d9e8a6e2b4a5c751edfbb656601,Key case validating the economic substance of sale-leaseback transactions.,28,962481,2026-07-13T09:52:25.095047+00:00,0
IRS-01,Publication 1: Your Rights as a Taxpayer,IRS Publications,IRS.gov,https://www.irs.gov/pub/irs-pdf/p1.pdf,https://www.irs.gov/pub/irs-pdf/p1.pdf,2017,2,DOWNLOADED,data\raw\irs_publications\IRS-01_Publication_1_Your_Rights_as_a_Taxpayer.pdf,b76c98a904265a8a25b0fd1a6cfebfe03dd29c1da4c661f2808515ae01c440ac,Essential summary of the Taxpayer Bill of Rights and legal protections.,2,324302,2026-07-13T09:52:25.095047+00:00,0
IRS-02,Publication 15 (Circular E) Employer's Tax Guide,IRS Publications,IRS.gov,https://www.irs.gov/pub/irs-pdf/p15.pdf,https://www.irs.gov/pub/irs-pdf/p15.pdf,2024,52,DOWNLOADED,data\raw\irs_publications\IRS-02_Publication_15_Circular_E_Employers_Tax_Guide.pdf,b46c3622439d8521e3a0faca4cd5b5ece3451b526f65f06a5e38d5c9f804c88b,Core instructions for employers regarding payroll and withholding taxes.,59,1713916,2026-07-13T09:52:25.095047+00:00,0
IRS-03,Publication 15-A: Employer's Supplemental Tax Guide,IRS Publications,IRS.gov,https://www.irs.gov/pub/irs-pdf/p15a.pdf,https://www.irs.gov/pub/irs-pdf/p15a.pdf,2024,48,DOWNLOADED,data\raw\irs_publications\IRS-03_Publication_15-A_Employers_Supplemental_Tax_Guide.pdf,3486cf0ad83401494aa57c688ffb411346ef399bd8202317c1eb3e6d41575c2e,Supplemental rules for independent contractors vs employees and sick pay.,28,1364431,2026-07-13T09:52:25.095047+00:00,0
IRS-04,Publication 15-B: Employer's Guide to Fringe Benefits,IRS Publications,IRS.gov,https://www.irs.gov/pub/irs-pdf/p15b.pdf,https://www.irs.gov/pub/irs-pdf/p15b.pdf,2024,34,DOWNLOADED,data\raw\irs_publications\IRS-04_Publication_15-B_Employers_Guide_to_Fringe_Benefits.pdf,a0af8513d6f45e65620bfd3eaa564cde7a6912781b9cb1c5b03dcd77b639ec46,Defines the taxability and valuation of various employee fringe benefits.,36,1343521,2026-07-13T09:52:25.095047+00:00,0
IRS-05,Publication 17: Your Federal Income Tax,IRS Publications,IRS.gov,https://www.irs.gov/pub/irs-pdf/p17.pdf,https://www.irs.gov/pub/irs-pdf/p17.pdf,2023,142,DOWNLOADED,data\raw\irs_publications\IRS-05_Publication_17_Your_Federal_Income_Tax.pdf,2d2381d62c7c77ed4b64b83ac23c28ed85b7c8304eb580c09bd9fd660be0840b,The most comprehensive and widely used guide for individual tax returns.,142,3088632,2026-07-13T09:52:25.095047+00:00,0
IRS-06,Publication 225: Farmer's Tax Guide,IRS Publications,IRS.gov,https://www.irs.gov/pub/irs-pdf/p225.pdf,https://www.irs.gov/pub/irs-pdf/p225.pdf,2023,94,DOWNLOADED,data\raw\irs_publications\IRS-06_Publication_225_Farmers_Tax_Guide.pdf,67a82f92fad122ef2f611a88123a377a02c12b10cb7b15b4beb3f14d6d012249,Details highly specific rules for agricultural business income and expenses.,99,1795786,2026-07-13T09:52:25.095047+00:00,0
IRS-07,Publication 334: Tax Guide for Small Business,IRS Publications,IRS.gov,https://www.irs.gov/pub/irs-pdf/p334.pdf,https://www.irs.gov/pub/irs-pdf/p334.pdf,2023,58,DOWNLOADED,data\raw\irs_publications\IRS-07_Publication_334_Tax_Guide_for_Small_Business.pdf,722639ba7bfd6f5348234b58d21e1afd8cb0c04895138bd5c4539142dde6c60a,"Essential rules for self-employed individuals, sole proprietors, and Schedule C.",57,2714784,2026-07-13T09:52:25.095047+00:00,0
IRS-08,"Publication 463: Travel, Gift, and Car Expenses",IRS Publications,IRS.gov,https://www.irs.gov/pub/irs-pdf/p463.pdf,https://www.irs.gov/pub/irs-pdf/p463.pdf,2023,40,DOWNLOADED,data\raw\irs_publications\IRS-08_Publication_463_Travel_Gift_and_Car_Expenses.pdf,ddc3bb15e437bd65c37da2036debdae78c1a0bf5a080b19d5301c81f5ec5ae5d,Outlines rules for deducting business-related travel and automobile expenses.,62,1851538,2026-07-13T09:52:25.095047+00:00,0
IRS-09,Publication 501: Dependents and Filing Status,IRS Publications,IRS.gov,https://www.irs.gov/pub/irs-pdf/p501.pdf,https://www.irs.gov/pub/irs-pdf/p501.pdf,2023,30,DOWNLOADED,data\raw\irs_publications\IRS-09_Publication_501_Dependents_and_Filing_Status.pdf,288b62a4917f3bc3df0bade7a22c23a8ae648ba9eb5086df5b8b50e881148ff6,Defines complex criteria for head of household status and claiming dependents.,31,1553735,2026-07-13T09:52:25.095047+00:00,0
IRS-10,Publication 502: Medical and Dental Expenses,IRS Publications,IRS.gov,https://www.irs.gov/pub/irs-pdf/p502.pdf,https://www.irs.gov/pub/irs-pdf/p502.pdf,2023,26,DOWNLOADED,data\raw\irs_publications\IRS-10_Publication_502_Medical_and_Dental_Expenses.pdf,11801353ab959ee04dcadc1f799b6c0b87e1879680fe6f8511af3fa113690d25,Details precisely what qualifies as a deductible healthcare-related expense.,27,1401964,2026-07-13T09:52:25.095047+00:00,0
IRS-11,Publication 505: Tax Withholding and Estimated Tax,IRS Publications,IRS.gov,https://www.irs.gov/pub/irs-pdf/p505.pdf,https://www.irs.gov/pub/irs-pdf/p505.pdf,2024,58,DOWNLOADED,data\raw\irs_publications\IRS-11_Publication_505_Tax_Withholding_and_Estimated_Tax.pdf,c69e87caa93cdefa4493f0ec1d8478b1ff9ec1329ee18c7b9d442f2dcb79c621,Explains estimated quarterly tax requirements and underpayment penalties.,48,1776844,2026-07-13T09:52:25.095047+00:00,0
IRS-12,Publication 523: Selling Your Home,IRS Publications,IRS.gov,https://www.irs.gov/pub/irs-pdf/p523.pdf,https://www.irs.gov/pub/irs-pdf/p523.pdf,2023,38,DOWNLOADED,data\raw\irs_publications\IRS-12_Publication_523_Selling_Your_Home.pdf,f11fca89408fa329fdbfec9b9bd0aa22f411f30704e805088076d89a754f736b,Guidelines on calculating capital gains exclusion for primary residences.,27,1366676,2026-07-13T09:52:25.095047+00:00,0
IRS-13,Publication 525: Taxable and Nontaxable Income,IRS Publications,IRS.gov,https://www.irs.gov/pub/irs-pdf/p525.pdf,https://www.irs.gov/pub/irs-pdf/p525.pdf,2023,40,DOWNLOADED,data\raw\irs_publications\IRS-13_Publication_525_Taxable_and_Nontaxable_Income.pdf,39b0fa5e04c5d159a34583da12a91326f396f69286f4b7a6f399d34cebc2c25b,Explains obscure types of income that must be reported to the IRS.,42,1783977,2026-07-13T09:52:25.095047+00:00,0
IRS-14,Publication 526: Charitable Contributions,IRS Publications,IRS.gov,https://www.irs.gov/pub/irs-pdf/p526.pdf,https://www.irs.gov/pub/irs-pdf/p526.pdf,2023,26,DOWNLOADED,data\raw\irs_publications\IRS-14_Publication_526_Charitable_Contributions.pdf,607011d9065a39b2fa3e08eda90c6313c581c2d4515f00fc23b0ae0a145435ae,"Rules, valuation guidelines, and limits for claiming charitable deductions.",40,1498520,2026-07-13T09:52:25.095047+00:00,0
IRS-15,Publication 529: Miscellaneous Deductions,IRS Publications,IRS.gov,https://www.irs.gov/pub/irs-pdf/p529.pdf,https://www.irs.gov/pub/irs-pdf/p529.pdf,2020,16,DOWNLOADED,data\raw\irs_publications\IRS-15_Publication_529_Miscellaneous_Deductions.pdf,ee7210f1fcc2e838b6e14ad054e71e022893248971085cbb231a25c99a44e1a0,Historical baseline for understanding suspended miscellaneous itemized deductions.,18,1412064,2026-07-13T09:52:25.095047+00:00,0
IRS-16,IRS Publication 926,IRS Publications,IRS,https://www.irs.gov/pub/irs-pdf/p926.pdf,https://www.irs.gov/pub/irs-pdf/p926.pdf,2022,54,DOWNLOADED,data\raw\irs_publications\IRS-16_IRS_Publication_926.pdf,db57fe2911bc0baec40339cd898a2594e28d86eb033f13052786d12fee23e5e7,Broad foundational guide on what constitutes a valid deductible business expense.,18,1292919,2026-07-13T09:52:25.095047+00:00,1
IRS-17,IRS Publication 590-A,IRS Publications,IRS,https://www.irs.gov/pub/irs-pdf/p590a.pdf,https://www.irs.gov/pub/irs-pdf/p590a.pdf,2023,14,DOWNLOADED,data\raw\irs_publications\IRS-17_IRS_Publication_590-A.pdf,ca0e42873cfd66d2d9bfd082125d381f8a0c2f3b0a441d7d65ab5ccc06a0e1c7,Explains the complex mechanics of how to handle and carry forward business losses.,62,1817459,2026-07-13T09:52:25.095047+00:00,0
IRS-18,Publication 541: Partnerships,IRS Publications,IRS.gov,https://www.irs.gov/pub/irs-pdf/p541.pdf,https://www.irs.gov/pub/irs-pdf/p541.pdf,2023,26,DOWNLOADED,data\raw\irs_publications\IRS-18_Publication_541_Partnerships.pdf,21b7dfe14dd52166ddfa11c63f02ad59715ad2473aad2b5560e031b4c21c7bb4,"Tax guidelines for forming, operating, and terminating a partnership.",33,1403973,2026-07-13T09:52:25.095047+00:00,0
IRS-19,Publication 542: Corporations,IRS Publications,IRS.gov,https://www.irs.gov/pub/irs-pdf/p542.pdf,https://www.irs.gov/pub/irs-pdf/p542.pdf,2023,22,DOWNLOADED,data\raw\irs_publications\IRS-19_Publication_542_Corporations.pdf,9bae90126317b0de17313cdae8245209fd9de403a455d52f418f4a5b85c13b30,Covers the baseline tax implications and filing requirements for C-corporations.,27,1281298,2026-07-13T09:52:25.095047+00:00,0
IRS-20,Publication 544: Sales and Other Dispositions,IRS Publications,IRS.gov,https://www.irs.gov/pub/irs-pdf/p544.pdf,https://www.irs.gov/pub/irs-pdf/p544.pdf,2023,42,DOWNLOADED,data\raw\irs_publications\IRS-20_Publication_544_Sales_and_Other_Dispositions.pdf,b8282a22f637e147b6435787bf9e20db6c24d08d8124386cce75eaab05de0cfd,"Critical rules regarding capital gains, losses, and depreciation recapture.",64,1732834,2026-07-13T09:52:25.095047+00:00,0
IRS-21,Publication 550: Investment Income and Expenses,IRS Publications,IRS.gov,https://www.irs.gov/pub/irs-pdf/p550.pdf,https://www.irs.gov/pub/irs-pdf/p550.pdf,2023,76,DOWNLOADED,data\raw\irs_publications\IRS-21_Publication_550_Investment_Income_and_Expenses.pdf,83552968a07e63d1c81e5b4f311fc0e54728b5ff9654b5a0d2ba6292c5574317,"Deep dive into the tax treatment of stocks, bonds, and investment expenses.",117,2401930,2026-07-13T09:52:25.095047+00:00,0
IRS-22,Publication 551: Basis of Assets,IRS Publications,IRS.gov,https://www.irs.gov/pub/irs-pdf/p551.pdf,https://www.irs.gov/pub/irs-pdf/p551.pdf,2023,14,DOWNLOADED,data\raw\irs_publications\IRS-22_Publication_551_Basis_of_Assets.pdf,0fbd4f0d37d575f95bd3dbdff09be846a2bf62e882902e02f0318739c4f904d2,Explains how to accurately calculate cost basis for depreciation and future sales.,23,1319374,2026-07-13T09:52:25.095047+00:00,0
IRS-23,IRS Publication 936,IRS Publications,IRS,https://www.irs.gov/pub/irs-pdf/p936.pdf,https://www.irs.gov/pub/irs-pdf/p936.pdf,2023,52,DOWNLOADED,data\raw\irs_publications\IRS-23_IRS_Publication_936.pdf,a4ef802b92ddd40ce2d00331b5012834dd274fd6ce74624586a1ea7dc31c32de,Specific rules and limits for contributing to Traditional and Roth IRAs.,23,1353191,2026-07-13T09:52:25.095047+00:00,0
IRS-24,Publication 590-B: Distributions from IRAs,IRS Publications,IRS.gov,https://www.irs.gov/pub/irs-pdf/p590b.pdf,https://www.irs.gov/pub/irs-pdf/p590b.pdf,2023,70,DOWNLOADED,data\raw\irs_publications\IRS-24_Publication_590-B_Distributions_from_IRAs.pdf,d18a592e55ce56d43953dc338272ece3984565792d6dca06989a6ca8121f7360,"Rules for withdrawing funds, tax penalties, and Required Minimum Distributions (RMDs).",71,2097777,2026-07-13T09:52:25.095047+00:00,0
IRS-25,Publication 970: Tax Benefits for Education,IRS Publications,IRS.gov,https://www.irs.gov/pub/irs-pdf/p970.pdf,https://www.irs.gov/pub/irs-pdf/p970.pdf,2023,80,DOWNLOADED,data\raw\irs_publications\IRS-25_Publication_970_Tax_Benefits_for_Education.pdf,167f3d6df0d9370a3980b25b7a2e7b479ab7f336cce763d1f0c1c4962b18285e,"Details education credits (AOTC/LLC), student loan deductions, and 529 plans.",81,1935425,2026-07-13T09:52:25.095047+00:00,0
REG-01,26 CFR Part 1 - Income Taxes,Treasury Regs,GovInfo,https://www.govinfo.gov/content/pkg/CFR-2023-title26-vol1/pdf/CFR-2023-title26-vol1-part1.pdf,https://www.govinfo.gov/content/pkg/CFR-2023-title26-vol1/pdf/CFR-2023-title26-vol1-part1.pdf,2023,1050,DOWNLOADED,data\raw\regulations\REG-01_26_CFR_Part_1_-_Income_Taxes.pdf,beb0e088c60dd9f48e2ef4cc95d7dc27d3cf733f66444d4e85a9f36f448e051a,The primary codification and binding interpretation of federal income tax laws.,685,2452721,2026-07-13T09:52:25.095047+00:00,0
REG-02,26 CFR Title 26 Volume 1 (2022),Treasury Regs,GovInfo,https://www.govinfo.gov/content/pkg/CFR-2022-title26-vol1/pdf/CFR-2022-title26-vol1.pdf,https://www.govinfo.gov/content/pkg/CFR-2022-title26-vol1/pdf/CFR-2022-title26-vol1.pdf,2023,210,DOWNLOADED,data\raw\regulations\REG-02_26_CFR_Title_26_Volume_1_2022.pdf,fa4669deddea2f2525adb18ee69615d99ce7ed3c176c8e04326264f8ae79a88f,Regulations governing the valuation and taxation of inherited wealth.,741,2847614,2026-07-13T09:52:25.095047+00:00,0
REG-03,26 CFR Title 26 Volume 2 (2022),Treasury Regs,GovInfo,https://www.govinfo.gov/content/pkg/CFR-2022-title26-vol2/pdf/CFR-2022-title26-vol2.pdf,https://www.govinfo.gov/content/pkg/CFR-2022-title26-vol2/pdf/CFR-2022-title26-vol2.pdf,2023,135,DOWNLOADED,data\raw\regulations\REG-03_26_CFR_Title_26_Volume_2_2022.pdf,1cb380a3aba72055efe431cdfc6e2af16a5238361658b42d878a8acb10884951,Rules governing lifetime transfers of property and federal gift tax applications.,630,2488407,2026-07-13T09:52:25.095047+00:00,0
REG-04,26 CFR Title 26 Volume 3 (2022),Treasury Regs,GovInfo,https://www.govinfo.gov/content/pkg/CFR-2022-title26-vol3/pdf/CFR-2022-title26-vol3.pdf,https://www.govinfo.gov/content/pkg/CFR-2022-title26-vol3/pdf/CFR-2022-title26-vol3.pdf,2023,340,DOWNLOADED,data\raw\regulations\REG-04_26_CFR_Title_26_Volume_3_2022.pdf,32c0064c212b25b21280275fa2aabd7165d7af72a137a04b2fd3cc56e58aa0e7,"Official regulations regarding employer matching, FICA, FUTA, and withholding.",944,3467988,2026-07-13T09:52:25.095047+00:00,0
REG-05,26 CFR Title 26 Volume 4 (2022),Treasury Regs,GovInfo,https://www.govinfo.gov/content/pkg/CFR-2022-title26-vol4/pdf/CFR-2022-title26-vol4.pdf,https://www.govinfo.gov/content/pkg/CFR-2022-title26-vol4/pdf/CFR-2022-title26-vol4.pdf,2023,520,DOWNLOADED,data\raw\regulations\REG-05_26_CFR_Title_26_Volume_4_2022.pdf,a1a5846168436466c4bf343a35310ab7cd9d63b0eed26b259ef8fa228edbae82,"Outlines IRS operational limits, procedural rules, tax liens, and collection methods.",1179,4383472,2026-07-13T09:52:25.095047+00:00,0
REG-06,26 CFR Title 26 Volume 5 (2022),Treasury Regs,GovInfo,https://www.govinfo.gov/content/pkg/CFR-2022-title26-vol5/pdf/CFR-2022-title26-vol5.pdf,https://www.govinfo.gov/content/pkg/CFR-2022-title26-vol5/pdf/CFR-2022-title26-vol5.pdf,2023,150,DOWNLOADED,data\raw\regulations\REG-06_26_CFR_Title_26_Volume_5_2022.pdf,bc4dd3255b2721339740fcf1fcc34fc9878050d5bd4ea77dec05c438a1c21490,"Legal framework for IRS administrative procedures, appeals, and letter rulings.",859,3408548,2026-07-13T09:52:25.095047+00:00,0
REG-07,31 CFR Part 10 - Circular 230,Treasury Regs,IRS.gov,https://www.irs.gov/pub/irs-pdf/pcir230.pdf,https://www.irs.gov/pub/irs-pdf/pcir230.pdf,2014,48,DOWNLOADED,data\raw\regulations\REG-07_31_CFR_Part_10_-_Circular_230.pdf,474f23e28bbbef0bd9ed8b18412f45daba16c5a8f8ca0911c6c67590e76a0215,"Highly critical rules governing attorney, CPA, and Enrolled Agent practice before the IRS.",44,479501,2026-07-13T09:52:25.095047+00:00,0
REG-08,26 CFR Title 26 Volume 6 (2022),Treasury Regs,GovInfo,https://www.govinfo.gov/content/pkg/CFR-2022-title26-vol6/pdf/CFR-2022-title26-vol6.pdf,https://www.govinfo.gov/content/pkg/CFR-2022-title26-vol6/pdf/CFR-2022-title26-vol6.pdf,2023,120,DOWNLOADED,data\raw\regulations\REG-08_26_CFR_Title_26_Volume_6_2022.pdf,71e89b27b70e50d5b8b75312ec92c7e6efaecb58586b27f809ffc12f744474a0,Vital rules for ERISA compliance and penalties for failing retirement plan standards.,766,2832317,2026-07-13T09:52:25.095047+00:00,0
REG-09,26 CFR Title 26 Volume 7 (2022),Treasury Regs,GovInfo,https://www.govinfo.gov/content/pkg/CFR-2022-title26-vol7/pdf/CFR-2022-title26-vol7.pdf,https://www.govinfo.gov/content/pkg/CFR-2022-title26-vol7/pdf/CFR-2022-title26-vol7.pdf,2023,15,DOWNLOADED,data\raw\regulations\REG-09_26_CFR_Title_26_Volume_7_2022.pdf,a6b274f1741621d9a83f23bf5e80c58d1b10414265edbe456abc37ca45d416bb,Direct application and examples of allowable business expense deductions.,720,2902482,2026-07-13T09:52:25.095047+00:00,0
REG-10,26 CFR Title 26 Volume 8 (2022),Treasury Regs,GovInfo,https://www.govinfo.gov/content/pkg/CFR-2022-title26-vol8/pdf/CFR-2022-title26-vol8.pdf,https://www.govinfo.gov/content/pkg/CFR-2022-title26-vol8/pdf/CFR-2022-title26-vol8.pdf,2023,85,DOWNLOADED,data\raw\regulations\REG-10_26_CFR_Title_26_Volume_8_2022.pdf,fb3beb0db834ed771e22d564d7330e68e45ad14e5687ff0712d98bbae2d1d53a,Highly technical regulations regarding allocation of income between controlled corporate entities.,950,3564327,2026-07-13T09:52:25.095047+00:00,0
REG-11,31 CFR Part 1010 - FinCEN General Provisions,Treasury Regs,GovInfo,https://www.govinfo.gov/content/pkg/CFR-2023-title31-vol3/pdf/CFR-2023-title31-vol3-part1010.pdf,https://www.govinfo.gov/content/pkg/CFR-2023-title31-vol3/pdf/CFR-2023-title31-vol3-part1010.pdf,2023,140,DOWNLOADED,data\raw\regulations\REG-11_31_CFR_Part_1010_-_FinCEN_General_Provisions.pdf,e73f9c44239acb338256b4e40dc71fa6af72d8f40d43c09afcdc1191da178176,Enforces Anti-Money Laundering (AML) laws and the Bank Secrecy Act (Form 8300).,76,635134,2026-07-13T09:52:25.095047+00:00,0
REG-12,26 CFR Title 26 Volume 9 (2022),Treasury Regs,GovInfo,https://www.govinfo.gov/content/pkg/CFR-2022-title26-vol9/pdf/CFR-2022-title26-vol9.pdf,https://www.govinfo.gov/content/pkg/CFR-2022-title26-vol9/pdf/CFR-2022-title26-vol9.pdf,2023,40,DOWNLOADED,data\raw\regulations\REG-12_26_CFR_Title_26_Volume_9_2022.pdf,7519317c99b6e096f2347a629cf9f1cc7352792d826e750178887dd9232635d7,Complex regulations detailing the calculation of the 20% pass-through entity tax deduction.,644,2595663,2026-07-13T09:52:25.095047+00:00,0
REG-13,26 CFR Title 26 Volume 10 (2022),Treasury Regs,GovInfo,https://www.govinfo.gov/content/pkg/CFR-2022-title26-vol10/pdf/CFR-2022-title26-vol10.pdf,https://www.govinfo.gov/content/pkg/CFR-2022-title26-vol10/pdf/CFR-2022-title26-vol10.pdf,2023,15,DOWNLOADED,data\raw\regulations\REG-13_26_CFR_Title_26_Volume_10_2022.pdf,0415066f1d2cf75dfe356df876beb78d3b67934fd54e028ac813bffab04098d6,Baseline methodology for recognizing realized gains and losses upon asset disposition.,961,9321526,2026-07-13T09:52:25.095047+00:00,0
REG-14,26 CFR Title 26 Volume 11 (2022),Treasury Regs,GovInfo,https://www.govinfo.gov/content/pkg/CFR-2022-title26-vol11/pdf/CFR-2022-title26-vol11.pdf,https://www.govinfo.gov/content/pkg/CFR-2022-title26-vol11/pdf/CFR-2022-title26-vol11.pdf,2023,25,DOWNLOADED,data\raw\regulations\REG-14_26_CFR_Title_26_Volume_11_2022.pdf,abd0bfe4d102a65a5b4e18f15803d1b6490006df4a720601876b801459b7735a,Establishes requirements for tax-advantaged status for corporate profit-sharing and pension plans.,1107,4008779,2026-07-13T09:52:25.095047+00:00,0
REG-15,26 CFR Title 26 Volume 12 (2022),Treasury Regs,GovInfo,https://www.govinfo.gov/content/pkg/CFR-2022-title26-vol12/pdf/CFR-2022-title26-vol12.pdf,https://www.govinfo.gov/content/pkg/CFR-2022-title26-vol12/pdf/CFR-2022-title26-vol12.pdf,2023,60,DOWNLOADED,data\raw\regulations\REG-15_26_CFR_Title_26_Volume_12_2022.pdf,4b4baeacf6dff0ea2adea38efcc19028e2a4bcca6ea9b6ea99fa7f140c627364,Strict valuation and timing rules for executive compensation to avoid severe penalties.,950,3530009,2026-07-13T09:52:25.095047+00:00,0
COM-01,IRS Chief Counsel Advice 202301001,Legal Commentary,IRS,https://www.irs.gov/pub/irs-wd/202301001.pdf,https://www.irs.gov/pub/irs-wd/202301001.pdf,2023,540,DOWNLOADED,data\raw\commentary\COM-01_IRS_Chief_Counsel_Advice_202301001.pdf,1245e90656d7febff5f67b94938a7317c638a22f6e0d4806a6700f0ad7a12589,Congress’s definitive post-enactment explanation of the intent behind recent tax laws.,9,119788,2026-07-13T09:52:25.095047+00:00,0
COM-02,Treasury Greenbook (Revenue Proposals),Legal Commentary,Treasury.gov,https://home.treasury.gov/system/files/131/General-Explanations-FY2024.pdf,https://home.treasury.gov/system/files/131/General-Explanations-FY2024.pdf,2023,240,DOWNLOADED,data\raw\commentary\COM-02_Treasury_Greenbook_Revenue_Proposals.pdf,2f6f07759785e49766c0cbb91c7244e7da411d2c8d94f77067a51731eb5572e2,The Administration’s authoritative policy justification for proposed tax code changes.,226,2179233,2026-07-13T09:52:25.095047+00:00,0
COM-03,IRS Chief Counsel Advice 202302001,Legal Commentary,IRS,https://www.irs.gov/pub/irs-wd/202302001.pdf,https://www.irs.gov/pub/irs-wd/202302001.pdf,2022,45,DOWNLOADED,data\raw\commentary\COM-03_IRS_Chief_Counsel_Advice_202302001.pdf,9df88dfd96441f4e2197b46f59fe16b8eab4ee9071b57d2907927732594706de,"A high-level, objective congressional primer perfect for grounding an AI system's general tax knowledge.",5,91551,2026-07-13T09:52:25.095047+00:00,0
COM-04,IRS Chief Counsel Advice 202303001,Legal Commentary,IRS,https://www.irs.gov/pub/irs-wd/202303001.pdf,https://www.irs.gov/pub/irs-wd/202303001.pdf,2021,35,DOWNLOADED,data\raw\commentary\COM-04_IRS_Chief_Counsel_Advice_202303001.pdf,a72663206546e4261eafc11b5fddda9e89ef7c5d43e9a5f3050076b7fe191316,"Authoritative breakdown of corporate tax structures, effective rates, and deductions.",3,76570,2026-07-13T09:52:25.095047+00:00,0
COM-05,IRS Chief Counsel Advice 202304001,Legal Commentary,IRS,https://www.irs.gov/pub/irs-wd/202304001.pdf,https://www.irs.gov/pub/irs-wd/202304001.pdf,1967,60,DOWNLOADED,data\raw\commentary\COM-05_IRS_Chief_Counsel_Advice_202304001.pdf,785be2516d4a0848a7bfc1948021c1f051b1ed7224742b472b7a5f6c13a83846,Foundational academic debate detailing what should and shouldn't be considered taxable income.,11,113784,2026-07-13T09:52:25.095047+00:00,0
COM-06,IRS Chief Counsel Advice 202305001,Legal Commentary,IRS,https://www.irs.gov/pub/irs-wd/202305001.pdf,https://www.irs.gov/pub/irs-wd/202305001.pdf,1970,33,DOWNLOADED,data\raw\commentary\COM-06_IRS_Chief_Counsel_Advice_202305001.pdf,5e7d7a902123197374164add207d542b47cc862af6b7ff6708411719ee0951c9,Introduces the concept of 'Tax Expenditures' (using the tax code as social policy).,5,87062,2026-07-13T09:52:25.095047+00:00,0
COM-07,IRS Chief Counsel Advice 202306001,Legal Commentary,IRS,https://www.irs.gov/pub/irs-wd/202306001.pdf,https://www.irs.gov/pub/irs-wd/202306001.pdf,2012,22,DOWNLOADED,data\raw\commentary\COM-07_IRS_Chief_Counsel_Advice_202306001.pdf,54581f7b943cc6721515b8d82cd339ebd6b492a170dd3ba41ec6a75da60a152d,Details how courts and the IRS interpret economic substance to invalidate tax shelters.,4,37266,2026-07-13T09:52:25.095047+00:00,0
COM-08,IRS Chief Counsel Advice 202307001,Legal Commentary,IRS,https://www.irs.gov/pub/irs-wd/202307001.pdf,https://www.irs.gov/pub/irs-wd/202307001.pdf,2020,50,DOWNLOADED,data\raw\commentary\COM-08_IRS_Chief_Counsel_Advice_202307001.pdf,0701142c49b78fd51ead5a9a15822e630e91f930ccc1cc2386c461fdc646464f,In-depth analysis of constitutional and practical hurdles of wealth taxation in the U.S.,5,107514,2026-07-13T09:52:25.095047+00:00,0
COM-09,IRS Chief Counsel Advice 202151005,Legal Commentary,IRS.gov,https://www.irs.gov/pub/irs-wd/202151005.pdf,https://www.irs.gov/pub/irs-wd/202151005.pdf,2021,10,DOWNLOADED,data\raw\commentary\COM-09_IRS_Chief_Counsel_Advice_202151005.pdf,339d71a8b50e0c536a5c1eead09f5068e316475c0e1fe5d15cb4891f7a279d0b,Real-world example of internal IRS legal logic regarding complex corporate reorganizations.,7,136972,2026-07-13T09:52:25.095047+00:00,0
COM-10,IRS Action on Decision (AOD) 2012-01,Legal Commentary,IRS.gov,https://www.irs.gov/pub/irs-aod/aod201201.pdf,https://www.irs.gov/pub/irs-aod/aod201201.pdf,2012,4,DOWNLOADED,data\raw\commentary\COM-10_IRS_Action_on_Decision_AOD_2012-01.pdf,40941efc33353e47fd710d559c7df8ace3717dd8938a94b85d0a39f4da617ee0,Shows how the IRS publicly chooses to acquiesce or not acquiesce to a lost Tax Court case.,2,60129,2026-07-13T09:52:25.095047+00:00,0
COM-11,IRS Chief Counsel Advice 202308001,Legal Commentary,IRS,https://www.irs.gov/pub/irs-wd/202308001.pdf,https://www.irs.gov/pub/irs-wd/202308001.pdf,2019,40,DOWNLOADED,data\raw\commentary\COM-11_IRS_Chief_Counsel_Advice_202308001.pdf,55522646bd103accc8fea946c06d7a0a026741aeaea81bbcf72cdddc0605c3f9,Highly technical commentary evaluating the intersection of administrative law and international tax.,5,87279,2026-07-13T09:52:25.095047+00:00,0
COM-12,IRS Chief Counsel Advice 202309001,Legal Commentary,IRS,https://www.irs.gov/pub/irs-wd/202309001.pdf,https://www.irs.gov/pub/irs-wd/202309001.pdf,2019,35,DOWNLOADED,data\raw\commentary\COM-12_IRS_Chief_Counsel_Advice_202309001.pdf,960103efa1f07ceab1bb1437760b41e078ddd4c94b9339a77dd37cc2e5fcb114,Peer-reviewed economic and legal analysis of the TCJA's impact on corporate behavior.,6,95948,2026-07-13T09:52:25.095047+00:00,0
COM-13,IRS Chief Counsel Advice 202310001,Legal Commentary,IRS,https://www.irs.gov/pub/irs-wd/202310001.pdf,https://www.irs.gov/pub/irs-wd/202310001.pdf,2022,45,DOWNLOADED,data\raw\commentary\COM-13_IRS_Chief_Counsel_Advice_202310001.pdf,4535fb2a6c4841ea60a421079fb10a944dc450b3670a92f97f44b348e13e88e4,Cutting-edge legal perspective on how the IRS classifies and taxes cryptocurrency.,4,78555,2026-07-13T09:52:25.095047+00:00,0
COM-14,IRS Chief Counsel Advice 202311001,Legal Commentary,IRS,https://www.irs.gov/pub/irs-wd/202311001.pdf,https://www.irs.gov/pub/irs-wd/202311001.pdf,1999,150,DOWNLOADED,data\raw\commentary\COM-14_IRS_Chief_Counsel_Advice_202311001.pdf,ae72021554b4d6fc167b79b9e3a0cca49f7729807506efac09285d9f3d3ecc13,A comprehensive review by the American Law Institute suggesting structural tax improvements.,5,84937,2026-07-13T09:52:25.095047+00:00,0
COM-15,IRS Chief Counsel Advice 202312001,Legal Commentary,IRS,https://www.irs.gov/pub/irs-wd/202312001.pdf,https://www.irs.gov/pub/irs-wd/202312001.pdf,2023,25,DOWNLOADED,data\raw\commentary\COM-15_IRS_Chief_Counsel_Advice_202312001.pdf,a93554a180dc4e3f597a3d73c53b82439eb73b9fffb51e20c33227582f5aab50,Authoritative congressional analysis of the rationale and economic impact of capital gains rates.,1,56178,2026-07-13T09:52:25.095047+00:00,0
